"","Docking","Fitness"
"Ser235ALA",0.976220672,-0.127585774
"Ser235ARG",-0.51530236,-0.949851151
"Ser235ASN",1.036144578,-1.006018034
"Ser235ASP",1.060399493,-0.967131383
"Ser235CYS",1.000158529,-0.73795033
"Ser235GLN",1.011414077,-0.872961407
"Ser235GLU",1.045497781,-1.031188993
"Ser235GLY",0.983354471,0.005703981
"Ser235HIS",0.75967026,-0.964452975
"Ser235ILE",0.938490805,-0.85340787
"Ser235LEU",1.020291693,-1.030513837
"Ser235LYS",0.926442613,-0.804430388
"Ser235PHE",0.996036779,-0.97798931
"Ser235PRO",1.064996829,-0.512817223
"Ser235THR",1.055643627,0.053398729
"Ser235TYR",0.83291059,-1.026632489
"Ser235VAL",1.032339886,-0.927353497
"Ser235ALA1",1.118943693,-0.037691602
"Ser235ARG1",-0.51530236,-0.041531714
"Ser235ASN1",0.887385421,-0.106546124
"Ser235ASP1",0.889349629,0.006586556
"Ser235CYS1",0.920340463,-0.160424734
"Ser235GLN1",0.965953732,-0.094763279
"Ser235GLU1",1.012003492,-0.092635472
"Ser235GLY1",1.036665212,0.003846519
"Ser235HIS1",-0.51530236,-0.074281088
"Ser235ILE1",-0.51530236,-0.066776575
"Ser235LEU1",1.101265823,-0.064095137
"Ser235LYS1",0.788083806,-0.070051931
"Ser235PHE1",0.477957224,-0.01946287
"Ser235PRO1",1.020733304,-0.058526665
"Ser235THR1",1.044303797,0.002657884
"Ser235TYR1",0.67765168,-0.068106049
"Ser235VAL1",0.181798341,-0.0400109
"Ser235ALA2",1.032283465,-0.007441194
"Ser235ARG2",-0.51530236,-0.10495652
"Ser235ASN2",0.959527559,-0.033880711
"Ser235ASP2",0.84503937,-0.088898563
"Ser235CYS2",0.967244094,-0.02389649
"Ser235GLN2",0.914488189,-0.076915343
"Ser235GLU2",0.986141732,-0.011688653
"Ser235GLY2",0.986771654,0.001091453
"Ser235HIS2",0.733228346,-0.101460122
"Ser235ILE2",0.768188976,-0.036747351
"Ser235LEU2",1.011023622,-0.051989715
"Ser235LYS2",0.827716535,0.006592832
"Ser235PHE2",0.817322835,-0.063843934
"Ser235PRO2",1.068188976,-0.066649723
"Ser235THR2",0.937480315,0.037621548
"Ser235TYR2",0.813858268,-0.066729622
"Ser235VAL2",1.047874016,0.004165975
"Ser235ALA3",0.964356764,-1.07402602
"Ser235ARG3",-0.51530236,-1.189541277
"Ser235ASN3",0.966014589,-1.104975156
"Ser235ASP3",0.869860743,-1.152109176
"Ser235CYS3",0.897049072,-1.432018584
"Ser235GLN3",0.796750663,-1.234030459
"Ser235GLU3",0.896551724,-1.164656967
"Ser235GLY3",0.987566313,-1.020955634
"Ser235HIS3",0.691644562,-1.012257575
"Ser235ILE3",0.802055703,-1.068348887
"Ser235LEU3",1.075596817,-1.173222467
"Ser235LYS3",0.840185676,-1.285890549
"Ser235PHE3",0.787798408,-1.016839068
"Ser235PRO3",1.00331565,-1.223764839
"Ser235THR3",0.92755305,0.253658262
"Ser235TYR3",0.687997347,-1.433459032
"Ser235VAL3",0.80321618,-1.294671499
"Ser235ALA4",0.991959064,0.031511663
"Ser235ARG4",-0.51530236,-0.106743458
"Ser235ASN4",1.004093567,-0.043982696
"Ser235ASP4",0.797076023,0.023098155
"Ser235CYS4",0.981871345,0.013285028
"Ser235GLN4",0.773830409,-0.03147352
"Ser235GLU4",0.922953216,-0.052697859
"Ser235GLY4",0.964035088,0.039820598
"Ser235HIS4",-0.51530236,0.052251458
"Ser235ILE4",0.710233918,0.01763526
"Ser235LEU4",0.950584795,-0.076496471
"Ser235LYS4",0.912719298,-0.022547129
"Ser235PHE4",0.749122807,-0.071305824
"Ser235PRO4",0.954093567,0.03983174
"Ser235THR4",0.845175439,0.071656991
"Ser235TYR4",0.815497076,0.028990011
"Ser235VAL4",0.878947368,0.051880656
"Ser235ALA5",0.906640734,0.064791347
"Ser235ARG5",-0.51530236,-0.038134783
"Ser235ASN5",-0.51530236,0.024154943
"Ser235ASP5",0.872742428,0.058734506
"Ser235CYS5",0.811336482,0.020417905
"Ser235GLN5",0.773548208,-0.003442719
"Ser235GLU5",1.494026118,-0.039151043
"Ser235GLY5",1.114198388,0.036851876
"Ser235HIS5",-0.51530236,-0.088773979
"Ser235ILE5",0.72325646,0.033839584
"Ser235LEU5",1.175048625,0.017022031
"Ser235LYS5",1.230063907,0.006442787
"Ser235PHE5",0.820227841,-0.119466006
"Ser235PRO5",1.073909419,0.036786125
"Ser235THR5",1.166990831,0.034201273
"Ser235TYR5",0.786329536,0.092084556
"Ser235VAL5",0.711308697,0.072498959
"Ser235ALA6",0.855825959,-0.091960001
"Ser235ARG6",-0.51530236,-0.116725554
"Ser235ASN6",0.983775811,-0.104019726
"Ser235ASP6",0.827617994,-0.123125022
"Ser235CYS6",1.096976401,-0.089689917
"Ser235GLN6",1.085361357,-0.137550818
"Ser235GLU6",1.148230088,-0.127060743
"Ser235GLY6",0.858775811,-0.109676345
"Ser235HIS6",-0.51530236,-0.133261878
"Ser235ILE6",-0.51530236,-0.075708219
"Ser235LEU6",1.28410767,-0.164282329
"Ser235LYS6",1.011061947,-0.258832316
"Ser235PHE6",0.66869469,-0.097156282
"Ser235PRO6",1.19579646,-0.14161965
"Ser235THR6",0.977323009,0.164769683
"Ser235TYR6",-0.51530236,-0.034307447
"Ser235VAL6",0.952617994,-0.118796092
"Ser235ALA7",-0.51530236,-0.008700275
"Ser235ARG7",-0.51530236,-0.047235962
"Ser235ASN7",0.983315678,-0.129210108
"Ser235ASP7",1.074682203,-0.039170935
"Ser235CYS7",0.918697034,-0.068073365
"Ser235GLN7",1.089512712,0.003846519
"Ser235GLU7",1.230402542,-0.003113393
"Ser235GLY7",0.881355932,0.01353933
"Ser235HIS7",-0.51530236,-0.145636997
"Ser235ILE7",0.918167373,-0.101538682
"Ser235LEU7",1.244438559,-0.062625442
"Ser235LYS7",0.940148305,-0.174967599
"Ser235PHE7",0.987817797,0.117944507
"Ser235PRO7",1.096398305,0.003646705
"Ser235THR7",0.979608051,0.075348778
"Ser235TYR7",-0.51530236,0.061028802
"Ser235VAL7",0.930879237,-0.011627506
"Ser235ALA8",0.91791176,-0.032873305
"Ser235ARG8",-0.51530236,-0.135799435
"Ser235ASN8",1.036034452,-0.055598119
"Ser235ASP8",1.07488135,0.008842636
"Ser235CYS8",1.01371067,-0.028028724
"Ser235GLN8",0.928985762,-0.084074031
"Ser235GLU8",1.154684479,-0.011634403
"Ser235GLY8",0.962735103,0.017818382
"Ser235HIS8",-0.51530236,-0.060888642
"Ser235ILE8",-0.51530236,0.015356179
"Ser235LEU8",1.120232027,-0.082954753
"Ser235LYS8",0.790121287,-0.198724951
"Ser235PHE8",0.775531728,-0.105764729
"Ser235PRO8",1.115486026,-0.021067973
"Ser235THR8",1.027421339,0.465686876
"Ser235TYR8",-0.51530236,0.011217918
"Ser235VAL8",0.969766216,0.020591798
"Ser235ALA9",0.937992887,-0.090590787
"Ser235ARG9",0.240915417,-0.023309224
"Ser235ASN9",0.877686717,-0.035427663
"Ser235ASP9",0.967836709,-0.051775524
"Ser235CYS9",0.847069739,-0.0424969
"Ser235GLN9",0.798360909,-0.264168033
"Ser235GLU9",0.940312355,-0.068977554
"Ser235GLY9",0.830833462,-0.022723727
"Ser235HIS9",0.66367713,-0.069188326
"Ser235ILE9",0.690428328,1.15e-05
"Ser235LEU9",0.904747178,-0.048997242
"Ser235LYS9",0.742848307,-0.094179373
"Ser235PHE9",0.70341735,0.018604441
"Ser235PRO9",0.913561157,-0.106866286
"Ser235THR9",0.946342972,0.109122815
"Ser235TYR9",0.695685789,-0.084624436
"Ser235VAL9",0.816298129,0.002293464
